query_id,rank,library_id,similarity,delta_ri,name,inchikey,formula,ri
Q_A,1,LIB_A,0.9990445872761828,5,LIB_A,AAAAAAAAAAAAAA-TESTAA,C6H6,1000
Q_A,2,LIB_B,0.16099429352763683,115,LIB_B,BBBBBBBBBBBBBB-TESTBB,C7H8,1120
Q_A,3,LIB_C,0.007806913646700608,255,LIB_C,CCCCCCCCCCCCCC-TESTCC,C8H10O,1260
Q_B,1,LIB_B,0.9993797687002551,5,LIB_B,BBBBBBBBBBBBBB-TESTBB,C7H8,1120
Q_B,2,LIB_A,0.16106460493889163,115,LIB_A,AAAAAAAAAAAAAA-TESTAA,C6H6,1000
Q_B,3,LIB_C,0.007621824230454766,145,LIB_C,CCCCCCCCCCCCCC-TESTCC,C8H10O,1260
Q_C,1,LIB_C,0.9993490094791772,8,LIB_C,CCCCCCCCCCCCCC-TESTCC,C8H10O,1260
Q_C,2,LIB_D,0.01626412536492894,122,LIB_D,DDDDDDDDDDDDDD-TESTDD,C5H10O2,1390
Q_C,3,LIB_A,0.009455059546695677,268,LIB_A,AAAAAAAAAAAAAA-TESTAA,C6H6,1000
